combination_id,filename,biodiversity,world_heritage,landscape_level,listed_buffer_m,building_buffer_m,valid_cells_raw,valid_cells_filtered,total_area_m2,total_area_hectares,total_area_km2,total_capacity_gw
0,bio0_whs0_land1_list500_bld250,False,False,1,500,250,1195639,1161465,48991772720.8,4899177.3,48991.8,528.8
1,bio0_whs0_land1_list500_bld500,False,False,1,500,500,509815,499576,20988383670.8,2098838.4,20988.4,227.4
2,bio0_whs0_land1_list500_bld750,False,False,1,500,750,267259,263738,11251605553.1,1125160.6,11251.6,120.1
3,bio0_whs0_land1_list500_bld1000,False,False,1,500,1000,158863,156640,6757245711.6,675724.6,6757.2,71.3
4,bio0_whs0_land1_list500_bld1250,False,False,1,500,1250,96841,95472,4145004898.2,414500.5,4145.0,43.5
5,bio0_whs0_land1_list1000_bld250,False,False,1,1000,250,1104195,1074801,45085407204.0,4508540.7,45085.4,489.3
6,bio0_whs0_land1_list1000_bld500,False,False,1,1000,500,502475,492796,20690516926.7,2069051.7,20690.5,224.3
7,bio0_whs0_land1_list1000_bld750,False,False,1,1000,750,266882,263389,11237538485.4,1123753.8,11237.5,119.9
8,bio0_whs0_land1_list1000_bld1000,False,False,1,1000,1000,158848,156626,6756608368.7,675660.8,6756.6,71.3
9,bio0_whs0_land1_list1000_bld1250,False,False,1,1000,1250,96837,95468,4144822800.2,414482.3,4144.8,43.5
10,bio0_whs0_land1_list1500_bld250,False,False,1,1500,250,979211,956554,39766325685.0,3976632.6,39766.3,435.5
11,bio0_whs0_land1_list1500_bld500,False,False,1,1500,500,484834,476320,19964856541.5,1996485.7,19964.9,216.8
12,bio0_whs0_land1_list1500_bld750,False,False,1,1500,750,264078,260671,11121405509.0,1112140.6,11121.4,118.7
13,bio0_whs0_land1_list1500_bld1000,False,False,1,1500,1000,158115,155910,6727336121.1,672733.6,6727.3,71.0
14,bio0_whs0_land1_list1500_bld1250,False,False,1,1500,1250,96682,95324,4139587483.7,413958.7,4139.6,43.4
15,bio0_whs0_land2_list500_bld250,False,False,2,500,250,1026638,995234,41442082195.8,4144208.2,41442.1,453.1
16,bio0_whs0_land2_list500_bld500,False,False,2,500,500,412185,403101,16604875964.7,1660487.6,16604.9,183.5
17,bio0_whs0_land2_list500_bld750,False,False,2,500,750,211254,208198,8726817286.7,872681.7,8726.8,94.8
18,bio0_whs0_land2_list500_bld1000,False,False,2,500,1000,125376,123499,5250385062.2,525038.5,5250.4,56.2
19,bio0_whs0_land2_list500_bld1250,False,False,2,500,1250,76618,75485,3236153961.5,323615.4,3236.2,34.4
20,bio0_whs0_land2_list1000_bld250,False,False,2,1000,250,942064,915101,37832763982.2,3783276.4,37832.8,416.6
21,bio0_whs0_land2_list1000_bld500,False,False,2,1000,500,405929,397366,16354582313.6,1635458.2,16354.6,180.9
22,bio0_whs0_land2_list1000_bld750,False,False,2,1000,750,210969,207937,8716756374.2,871675.6,8716.8,94.7
23,bio0_whs0_land2_list1000_bld1000,False,False,2,1000,1000,125371,123495,5250202964.2,525020.3,5250.2,56.2
24,bio0_whs0_land2_list1000_bld1250,False,False,2,1000,1250,76617,75484,3236108437.0,323610.8,3236.1,34.4
25,bio0_whs0_land2_list1500_bld250,False,False,2,1500,250,827844,807156,32981947376.9,3298194.7,32981.9,367.5
26,bio0_whs0_land2_list1500_bld500,False,False,2,1500,500,391240,383728,15758074909.1,1575807.5,15758.1,174.7
27,bio0_whs0_land2_list1500_bld750,False,False,2,1500,750,208936,205972,8634903339.5,863490.3,8634.9,93.8
28,bio0_whs0_land2_list1500_bld1000,False,False,2,1500,1000,124834,122972,5229716943.3,522971.7,5229.7,56.0
29,bio0_whs0_land2_list1500_bld1250,False,False,2,1500,1250,76501,75380,3232694100.2,323269.4,3232.7,34.3
30,bio0_whs0_land3_list500_bld250,False,False,3,500,250,863096,836075,34979243367.0,3497924.3,34979.2,380.6
31,bio0_whs0_land3_list500_bld500,False,False,3,500,500,343891,336421,13927944849.7,1392794.5,13927.9,153.2
32,bio0_whs0_land3_list500_bld750,False,False,3,500,750,180961,178545,7537899681.9,753790.0,7537.9,81.3
33,bio0_whs0_land3_list500_bld1000,False,False,3,500,1000,110169,108659,4652694020.9,465269.4,4652.7,49.5
34,bio0_whs0_land3_list500_bld1250,False,False,3,500,1250,68570,67656,2921898400.6,292189.8,2921.9,30.8
35,bio0_whs0_land3_list1000_bld250,False,False,3,1000,250,792108,768759,31942941920.6,3194294.2,31942.9,350.0
36,bio0_whs0_land3_list1000_bld500,False,False,3,1000,500,339056,331991,13733600798.0,1373360.1,13733.6,151.1
37,bio0_whs0_land3_list1000_bld750,False,False,3,1000,750,180743,178344,7529523175.5,752952.3,7529.5,81.2
38,bio0_whs0_land3_list1000_bld1000,False,False,3,1000,1000,110165,108656,4652557447.4,465255.7,4652.6,49.5
39,bio0_whs0_land3_list1000_bld1250,False,False,3,1000,1250,68570,67656,2921898400.6,292189.8,2921.9,30.8
40,bio0_whs0_land3_list1500_bld250,False,False,3,1500,250,695591,677663,27841549484.8,2784154.9,27841.5,308.5
41,bio0_whs0_land3_list1500_bld500,False,False,3,1500,500,327780,321572,13276034139.7,1327603.4,13276.0,146.4
42,bio0_whs0_land3_list1500_bld750,False,False,3,1500,750,179211,176865,7466426231.1,746642.6,7466.4,80.5
43,bio0_whs0_land3_list1500_bld1000,False,False,3,1500,1000,109735,108242,4635167091.9,463516.7,4635.2,49.3
44,bio0_whs0_land3_list1500_bld1250,False,False,3,1500,1250,68480,67576,2918939308.7,291893.9,2918.9,30.8
45,bio0_whs0_land4_list500_bld250,False,False,4,500,250,833609,809139,33754270365.3,3375427.0,33754.3,368.4
46,bio0_whs0_land4_list500_bld500,False,False,4,500,500,341288,334030,13819186840.9,1381918.7,13819.2,152.1
47,bio0_whs0_land4_list500_bld750,False,False,4,500,750,180617,178208,7522603452.9,752260.3,7522.6,81.1
48,bio0_whs0_land4_list500_bld1000,False,False,4,500,1000,110080,108571,4648687865.7,464868.8,4648.7,49.4
49,bio0_whs0_land4_list500_bld1250,False,False,4,500,1250,68559,67650,2921625253.7,292162.5,2921.6,30.8
50,bio0_whs0_land4_list1000_bld250,False,False,4,1000,250,768977,747661,30983331176.5,3098333.1,30983.3,340.4
51,bio0_whs0_land4_list1000_bld500,False,False,4,1000,500,336695,329798,13633856638.4,1363385.7,13633.9,150.1
52,bio0_whs0_land4_list1000_bld750,False,False,4,1000,750,180402,178008,7514272471.1,751427.2,7514.3,81.0
53,bio0_whs0_land4_list1000_bld1000,False,False,4,1000,1000,110076,108568,4648551292.2,464855.1,4648.6,49.4
54,bio0_whs0_land4_list1000_bld1250,False,False,4,1000,1250,68559,67650,2921625253.7,292162.5,2921.6,30.8
55,bio0_whs0_land4_list1500_bld250,False,False,4,1500,250,680430,663770,27209669550.8,2720967.0,27209.7,302.2
56,bio0_whs0_land4_list1500_bld500,False,False,4,1500,500,325889,319794,13195137119.4,1319513.7,13195.1,145.6
57,bio0_whs0_land4_list1500_bld750,False,False,4,1500,750,178879,176536,7451494198.1,745149.4,7451.5,80.4
58,bio0_whs0_land4_list1500_bld1000,False,False,4,1500,1000,109646,108154,4631160936.7,463116.1,4631.2,49.2
59,bio0_whs0_land4_list1500_bld1250,False,False,4,1500,1250,68469,67570,2918666161.8,291866.6,2918.7,30.8
60,bio0_whs1_land1_list500_bld250,False,True,1,500,250,1144703,1110972,46695927119.3,4669592.7,46695.9,505.8
61,bio0_whs1_land1_list500_bld500,False,True,1,500,500,477030,466984,19505559952.6,1950556.0,19505.6,212.6
62,bio0_whs1_land1_list500_bld750,False,True,1,500,750,245836,242397,10280431588.3,1028043.2,10280.4,110.4
63,bio0_whs1_land1_list500_bld1000,False,True,1,500,1000,144096,141932,6087853597.1,608785.4,6087.9,64.6
64,bio0_whs1_land1_list500_bld1250,False,True,1,500,1250,86225,84900,3663902078.1,366390.2,3663.9,38.7
65,bio0_whs1_land1_list1000_bld250,False,True,1,1000,250,1054308,1025331,42836133156.7,4283613.3,42836.1,466.8
66,bio0_whs1_land1_list1000_bld500,False,True,1,1000,500,469856,460356,19214612931.1,1921461.3,19214.6,209.6
67,bio0_whs1_land1_list1000_bld750,False,True,1,1000,750,245472,242060,10266910814.5,1026691.1,10266.9,110.2
68,bio0_whs1_land1_list1000_bld1000,False,True,1,1000,1000,144082,141919,6087261778.7,608726.2,6087.3,64.6
69,bio0_whs1_land1_list1000_bld1250,False,True,1,1000,1250,86221,84896,3663719980.2,366372.0,3663.7,38.6
70,bio0_whs1_land1_list1500_bld250,False,True,1,1500,250,930978,908656,37588616137.4,3758861.6,37588.6,413.7
71,bio0_whs1_land1_list1500_bld500,False,True,1,1500,500,452647,444300,18508072832.1,1850807.3,18508.1,202.3
72,bio0_whs1_land1_list1500_bld750,False,True,1,1500,750,242812,239485,10157287840.4,1015728.8,10157.3,109.0
73,bio0_whs1_land1_list1500_bld1000,False,True,1,1500,1000,143400,141250,6060129182.1,606012.9,6060.1,64.3
74,bio0_whs1_land1_list1500_bld1250,False,True,1,1500,1250,86082,84769,3659258580.1,365925.9,3659.3,38.6
75,bio0_whs1_land2_list500_bld250,False,True,2,500,250,989882,958570,39773791701.6,3977379.2,39773.8,436.4
76,bio0_whs1_land2_list500_bld500,False,True,2,500,500,386976,377923,15458933479.3,1545893.3,15458.9,172.0
77,bio0_whs1_land2_list500_bld750,False,True,2,500,750,193726,190674,7929228205.8,792922.8,7929.2,86.8
78,bio0_whs1_land2_list500_bld1000,False,True,2,500,1000,112553,110687,4667307382.5,466730.7,4667.3,50.4
79,bio0_whs1_land2_list500_bld1250,False,True,2,500,1250,67027,65903,2800120387.4,280012.0,2800.1,30.0
80,bio0_whs1_land2_list1000_bld250,False,True,2,1000,250,905747,878869,36184140068.1,3618414.0,36184.1,400.1
81,bio0_whs1_land2_list1000_bld500,False,True,2,1000,500,380782,372243,15211143675.2,1521114.4,15211.1,169.5
82,bio0_whs1_land2_list1000_bld750,False,True,2,1000,750,193441,190413,7919167293.3,791916.7,7919.2,86.7
83,bio0_whs1_land2_list1000_bld1000,False,True,2,1000,1000,112548,110683,4667125284.5,466712.5,4667.1,50.4
84,bio0_whs1_land2_list1000_bld1250,False,True,2,1000,1250,67026,65902,2800074863.0,280007.5,2800.1,30.0
85,bio0_whs1_land2_list1500_bld250,False,True,2,1500,250,792146,771522,31360547108.3,3136054.7,31360.5,351.2
86,bio0_whs1_land2_list1500_bld500,False,True,2,1500,500,366211,358721,14619917111.7,1461991.7,14619.9,163.3
87,bio0_whs1_land2_list1500_bld750,False,True,2,1500,750,191431,188472,7838406846.4,783840.7,7838.4,85.8
88,bio0_whs1_land2_list1500_bld1000,False,True,2,1500,1000,112014,110162,4646730312.6,464673.0,4646.7,50.2
89,bio0_whs1_land2_list1500_bld1250,False,True,2,1500,1250,66910,65798,2796660526.1,279666.1,2796.7,30.0
90,bio0_whs1_land3_list500_bld250,False,True,3,500,250,829104,802150,33434825012.5,3343482.5,33434.8,365.2
91,bio0_whs1_land3_list500_bld500,False,True,3,500,500,320312,312866,12855615466.1,1285561.5,12855.6,142.4
92,bio0_whs1_land3_list500_bld750,False,True,3,500,750,164452,162045,6786745581.7,678674.6,6786.7,73.8
93,bio0_whs1_land3_list500_bld1000,False,True,3,500,1000,97989,96485,4098478868.4,409847.9,4098.5,43.9
94,bio0_whs1_land3_list500_bld1250,False,True,3,500,1250,59359,58452,2502890986.2,250289.1,2502.9,26.6
95,bio0_whs1_land3_list1000_bld250,False,True,3,1000,250,758429,735146,30412727207.4,3041272.7,30412.7,334.7
96,bio0_whs1_land3_list1000_bld500,False,True,3,1000,500,315520,308475,12663046869.5,1266304.7,12663.0,140.4
97,bio0_whs1_land3_list1000_bld750,False,True,3,1000,750,164234,161844,6778369075.4,677836.9,6778.4,73.7
98,bio0_whs1_land3_list1000_bld1000,False,True,3,1000,1000,97985,96482,4098342295.0,409834.2,4098.3,43.9
99,bio0_whs1_land3_list1000_bld1250,False,True,3,1000,1250,59359,58452,2502890986.2,250289.1,2502.9,26.6
100,bio0_whs1_land3_list1500_bld250,False,True,3,1500,250,662390,644509,26332230512.8,2633223.1,26332.2,293.4
101,bio0_whs1_land3_list1500_bld500,False,True,3,1500,500,304332,298141,12209349793.0,1220935.0,12209.3,135.7
102,bio0_whs1_land3_list1500_bld750,False,True,3,1500,750,162716,160380,6715954998.3,671595.5,6716.0,73.0
103,bio0_whs1_land3_list1500_bld1000,False,True,3,1500,1000,97556,96069,4080997463.9,408099.7,4081.0,43.7
104,bio0_whs1_land3_list1500_bld1250,False,True,3,1500,1250,59269,58372,2499931894.3,249993.2,2499.9,26.6
105,bio0_whs1_land4_list500_bld250,False,True,4,500,250,799788,775380,32217409076.4,3221740.9,32217.4,353.0
106,bio0_whs1_land4_list500_bld500,False,True,4,500,500,317723,310485,12747312702.2,1274731.3,12747.3,141.3
107,bio0_whs1_land4_list500_bld750,False,True,4,500,750,164108,161708,6771449352.8,677144.9,6771.4,73.6
108,bio0_whs1_land4_list500_bld1000,False,True,4,500,1000,97900,96397,4094472713.2,409447.3,4094.5,43.9
109,bio0_whs1_land4_list500_bld1250,False,True,4,500,1250,59348,58446,2502617839.3,250261.8,2502.6,26.6
110,bio0_whs1_land4_list1000_bld250,False,True,4,1000,250,735429,714172,29458761500.2,2945876.2,29458.8,325.1
111,bio0_whs1_land4_list1000_bld500,False,True,4,1000,500,313166,306285,12563439283.4,1256343.9,12563.4,139.4
112,bio0_whs1_land4_list1000_bld750,False,True,4,1000,750,163893,161508,6763118370.9,676311.8,6763.1,73.5
113,bio0_whs1_land4_list1000_bld1000,False,True,4,1000,1000,97896,96394,4094336139.8,409433.6,4094.3,43.9
114,bio0_whs1_land4_list1000_bld1250,False,True,4,1000,1250,59348,58446,2502617839.3,250261.8,2502.6,26.6
115,bio0_whs1_land4_list1500_bld250,False,True,4,1500,250,647321,630704,25704356734.1,2570435.7,25704.4,287.1
116,bio0_whs1_land4_list1500_bld500,False,True,4,1500,500,302445,296363,12128452772.7,1212845.3,12128.5,134.9
117,bio0_whs1_land4_list1500_bld750,False,True,4,1500,750,162384,160051,6701022965.3,670102.3,6701.0,72.9
118,bio0_whs1_land4_list1500_bld1000,False,True,4,1500,1000,97467,95981,4076991308.7,407699.1,4077.0,43.7
119,bio0_whs1_land4_list1500_bld1250,False,True,4,1500,1250,59258,58366,2499658747.4,249965.9,2499.7,26.6
120,bio1_whs0_land1_list500_bld250,True,False,1,500,250,791052,761811,33029748092.3,3302974.8,33029.7,346.8
121,bio1_whs0_land1_list500_bld500,True,False,1,500,500,286505,278597,11897643603.7,1189764.4,11897.6,126.8
122,bio1_whs0_land1_list500_bld750,True,False,1,500,750,140795,138472,5955604951.0,595560.5,5955.6,63.0
123,bio1_whs0_land1_list500_bld1000,True,False,1,500,1000,81766,80433,3492365796.4,349236.6,3492.4,36.6
124,bio1_whs0_land1_list500_bld1250,True,False,1,500,1250,48687,47864,2094809449.6,209480.9,2094.8,21.8
125,bio1_whs0_land1_list1000_bld250,True,False,1,1000,250,711535,686634,29622422045.0,2962242.2,29622.4,312.6
126,bio1_whs0_land1_list1000_bld500,True,False,1,1000,500,280593,273186,11655999605.9,1165600.0,11656.0,124.4
127,bio1_whs0_land1_list1000_bld750,True,False,1,1000,750,140566,138261,5947182920.2,594718.3,5947.2,62.9
128,bio1_whs0_land1_list1000_bld1000,True,False,1,1000,1000,81763,80431,3492274747.4,349227.5,3492.3,36.6
129,bio1_whs0_land1_list1000_bld1250,True,False,1,1000,1250,48687,47864,2094809449.6,209480.9,2094.8,21.8
130,bio1_whs0_land1_list1500_bld250,True,False,1,1500,250,605122,586336,25081900369.7,2508190.0,25081.9,266.9
131,bio1_whs0_land1_list1500_bld500,True,False,1,1500,500,267172,260787,11101420257.5,1110142.0,11101.4,118.7
132,bio1_whs0_land1_list1500_bld750,True,False,1,1500,750,138763,136515,5871111495.9,587111.1,5871.1,62.1
133,bio1_whs0_land1_list1500_bld1000,True,False,1,1500,1000,81306,79982,3473700755.1,347370.1,3473.7,36.4
134,bio1_whs0_land1_list1500_bld1250,True,False,1,1500,1250,48596,47780,2091668259.8,209166.8,2091.7,21.8
135,bio1_whs0_land2_list500_bld250,True,False,2,500,250,709894,682748,29439550165.0,2943955.0,29439.6,310.8
136,bio1_whs0_land2_list500_bld500,True,False,2,500,500,243617,236466,9983748481.0,998374.8,9983.7,107.6
137,bio1_whs0_land2_list500_bld750,True,False,2,500,750,117580,115534,4913048584.5,491304.9,4913.0,52.6
138,bio1_whs0_land2_list500_bld1000,True,False,2,500,1000,68472,67321,2896632308.2,289663.2,2896.6,30.6
139,bio1_whs0_land2_list500_bld1250,True,False,2,500,1250,41005,40309,1751645837.1,175164.6,1751.6,18.4
140,bio1_whs0_land2_list1000_bld250,True,False,2,1000,250,635357,612269,26245961602.5,2624596.2,26246.0,278.7
141,bio1_whs0_land2_list1000_bld500,True,False,2,1000,500,238479,231792,9775656033.0,977565.6,9775.7,105.5
142,bio1_whs0_land2_list1000_bld750,True,False,2,1000,750,117399,115370,4906766204.7,490676.6,4906.8,52.5
143,bio1_whs0_land2_list1000_bld1000,True,False,2,1000,1000,68470,67320,2896586783.7,289658.7,2896.6,30.6
144,bio1_whs0_land2_list1000_bld1250,True,False,2,1000,1250,41005,40309,1751645837.1,175164.6,1751.6,18.4
145,bio1_whs0_land2_list1500_bld250,True,False,2,1500,250,536269,518890,22020105208.5,2202010.5,22020.1,236.2
146,bio1_whs0_land2_list1500_bld500,True,False,2,1500,500,226968,221216,9304067831.6,930406.8,9304.1,100.7
147,bio1_whs0_land2_list1500_bld750,True,False,2,1500,750,116077,114092,4852000242.1,485200.0,4852.0,51.9
148,bio1_whs0_land2_list1500_bld1000,True,False,2,1500,1000,68134,66991,2883475730.3,288347.6,2883.5,30.5
149,bio1_whs0_land2_list1500_bld1250,True,False,2,1500,1250,40936,40246,1749460661.5,174946.1,1749.5,18.3
150,bio1_whs0_land3_list500_bld250,True,False,3,500,250,623257,599567,26026761178.8,2602676.1,26026.8,272.9
151,bio1_whs0_land3_list500_bld500,True,False,3,500,500,213045,206974,8798563884.4,879856.4,8798.6,94.2
152,bio1_whs0_land3_list500_bld750,True,False,3,500,750,105076,103367,4423432684.6,442343.3,4423.4,47.1
153,bio1_whs0_land3_list500_bld1000,True,False,3,500,1000,62275,61282,2649752993.9,264975.3,2649.8,27.9
154,bio1_whs0_land3_list500_bld1250,True,False,3,500,1250,37663,37063,1617439637.9,161744.0,1617.4,16.9
155,bio1_whs0_land3_list1000_bld250,True,False,3,1000,250,559880,539569,23306081028.0,2330608.1,23306.1,245.6
156,bio1_whs0_land3_list1000_bld500,True,False,3,1000,500,209027,203324,8635039913.0,863504.0,8635.0,92.6
157,bio1_whs0_land3_list1000_bld750,True,False,3,1000,750,104939,103245,4418106319.2,441810.6,4418.1,47.0
158,bio1_whs0_land3_list1000_bld1000,True,False,3,1000,1000,62273,61281,2649707469.4,264970.7,2649.7,27.9
159,bio1_whs0_land3_list1000_bld1250,True,False,3,1000,1250,37663,37063,1617439637.9,161744.0,1617.4,16.9
160,bio1_whs0_land3_list1500_bld250,True,False,3,1500,250,474936,459579,19680783718.1,1968078.4,19680.8,209.2
161,bio1_whs0_land3_list1500_bld500,True,False,3,1500,500,200091,195147,8267930418.2,826793.0,8267.9,88.8
162,bio1_whs0_land3_list1500_bld750,True,False,3,1500,750,103950,102286,4375358822.2,437535.9,4375.4,46.6
163,bio1_whs0_land3_list1500_bld1000,True,False,3,1500,1000,62006,61026,2638144248.8,263814.4,2638.1,27.8
164,bio1_whs0_land3_list1500_bld1250,True,False,3,1500,1250,37612,37015,1615299986.8,161530.0,1615.3,16.9
165,bio1_whs0_land4_list500_bld250,True,False,4,500,250,598314,577003,25000366006.5,2500036.6,25000.4,262.7
166,bio1_whs0_land4_list500_bld500,True,False,4,500,500,211507,205645,8738107360.5,873810.7,8738.1,93.6
167,bio1_whs0_land4_list500_bld750,True,False,4,500,750,105036,103334,4421930376.4,442193.0,4421.9,47.0
168,bio1_whs0_land4_list500_bld1000,True,False,4,500,1000,62274,61282,2649752993.9,264975.3,2649.8,27.9
169,bio1_whs0_land4_list500_bld1250,True,False,4,500,1250,37663,37063,1617439637.9,161744.0,1617.4,16.9
170,bio1_whs0_land4_list1000_bld250,True,False,4,1000,250,540823,522391,22524516567.9,2252451.7,22524.5,237.8
171,bio1_whs0_land4_list1000_bld500,True,False,4,1000,500,207715,202179,8582959895.4,858296.0,8583.0,92.0
172,bio1_whs0_land4_list1000_bld750,True,False,4,1000,750,104901,103212,4416604011.0,441660.4,4416.6,47.0
173,bio1_whs0_land4_list1000_bld1000,True,False,4,1000,1000,62272,61281,2649707469.4,264970.7,2649.7,27.9
174,bio1_whs0_land4_list1000_bld1250,True,False,4,1000,1250,37663,37063,1617439637.9,161744.0,1617.4,16.9
175,bio1_whs0_land4_list1500_bld250,True,False,4,1500,250,463126,448935,19196448659.3,1919644.9,19196.4,204.4
176,bio1_whs0_land4_list1500_bld500,True,False,4,1500,500,199162,194329,8230691384.7,823069.1,8230.7,88.5
177,bio1_whs0_land4_list1500_bld750,True,False,4,1500,750,103914,102254,4373902038.5,437390.2,4373.9,46.6
178,bio1_whs0_land4_list1500_bld1000,True,False,4,1500,1000,62005,61026,2638144248.8,263814.4,2638.1,27.8
179,bio1_whs0_land4_list1500_bld1250,True,False,4,1500,1250,37612,37015,1615299986.8,161530.0,1615.3,16.9
180,bio1_whs1_land1_list500_bld250,True,True,1,500,250,775465,746612,32337912403.8,3233791.2,32337.9,339.9
181,bio1_whs1_land1_list500_bld500,True,True,1,500,500,277650,269886,11501079763.3,1150108.0,11501.1,122.9
182,bio1_whs1_land1_list500_bld750,True,True,1,500,750,135448,133180,5714689345.1,571468.9,5714.7,60.6
183,bio1_whs1_land1_list500_bld1000,True,True,1,500,1000,78246,76949,3333758470.0,333375.8,3333.8,35.0
184,bio1_whs1_land1_list500_bld1250,True,True,1,500,1250,46163,45369,1981225844.8,198122.6,1981.2,20.7
185,bio1_whs1_land1_list1000_bld250,True,True,1,1000,250,696767,672226,28966596228.8,2896659.6,28966.6,306.0
186,bio1_whs1_land1_list1000_bld500,True,True,1,1000,500,271873,264599,11265080802.4,1126508.1,11265.1,120.5
187,bio1_whs1_land1_list1000_bld750,True,True,1,1000,750,135232,132981,5706813608.1,570681.4,5706.8,60.5
188,bio1_whs1_land1_list1000_bld1000,True,True,1,1000,1000,78244,76948,3333712945.5,333371.3,3333.7,35.0
189,bio1_whs1_land1_list1000_bld1250,True,True,1,1000,1250,46163,45369,1981225844.8,198122.6,1981.2,20.7
190,bio1_whs1_land1_list1500_bld250,True,True,1,1500,250,591642,573142,24481341285.5,2448134.1,24481.3,260.9
191,bio1_whs1_land1_list1500_bld500,True,True,1,1500,500,258777,252521,10725114815.6,1072511.5,10725.1,115.0
192,bio1_whs1_land1_list1500_bld750,True,True,1,1500,750,133535,131340,5635522255.3,563552.2,5635.5,59.8
193,bio1_whs1_land1_list1500_bld1000,True,True,1,1500,1000,77834,76544,3317187555.3,331718.8,3317.2,34.8
194,bio1_whs1_land1_list1500_bld1250,True,True,1,1500,1250,46088,45302,1978858571.3,197885.9,1978.9,20.6
195,bio1_whs1_land2_list500_bld250,True,True,2,500,250,705030,677955,29221351280.0,2922135.1,29221.4,308.6
196,bio1_whs1_land2_list500_bld500,True,True,2,500,500,240413,233282,9838798501.9,983879.9,9838.8,106.2
197,bio1_whs1_land2_list500_bld750,True,True,2,500,750,115087,113042,4799601553.1,479960.2,4799.6,51.5
198,bio1_whs1_land2_list500_bld1000,True,True,2,500,1000,66384,65237,2801759269.1,280175.9,2801.8,29.7
199,bio1_whs1_land2_list500_bld1250,True,True,2,500,1250,39260,38567,1672342173.9,167234.2,1672.3,17.6
200,bio1_whs1_land2_list1000_bld250,True,True,2,1000,250,630799,607778,26041511113.8,2604151.1,26041.5,276.7
201,bio1_whs1_land2_list1000_bld500,True,True,2,1000,500,235320,228649,9632572558.0,963257.3,9632.6,104.1
202,bio1_whs1_land2_list1000_bld750,True,True,2,1000,750,114906,112878,4793319173.3,479331.9,4793.3,51.4
203,bio1_whs1_land2_list1000_bld1000,True,True,2,1000,1000,66382,65236,2801713744.6,280171.4,2801.7,29.7
204,bio1_whs1_land2_list1000_bld1250,True,True,2,1000,1250,39260,38567,1672342173.9,167234.2,1672.3,17.6
205,bio1_whs1_land2_list1500_bld250,True,True,2,1500,250,532152,514819,21834775006.0,2183477.5,21834.8,234.4
206,bio1_whs1_land2_list1500_bld500,True,True,2,1500,500,223878,218142,9164125546.5,916412.6,9164.1,99.3
207,bio1_whs1_land2_list1500_bld750,True,True,2,1500,750,113593,111610,4739008455.7,473900.8,4739.0,50.8
208,bio1_whs1_land2_list1500_bld1000,True,True,2,1500,1000,66048,64909,2788693740.2,278869.4,2788.7,29.5
209,bio1_whs1_land2_list1500_bld1250,True,True,2,1500,1250,39191,38504,1670156998.3,167015.7,1670.2,17.5
210,bio1_whs1_land3_list500_bld250,True,True,3,500,250,618716,595083,25822629361.5,2582262.9,25822.6,270.9
211,bio1_whs1_land3_list500_bld500,True,True,3,500,500,209987,203938,8660351530.0,866035.2,8660.4,92.8
212,bio1_whs1_land3_list500_bld750,True,True,3,500,750,102634,100927,4312352926.8,431235.3,4312.4,45.9
213,bio1_whs1_land3_list500_bld1000,True,True,3,500,1000,60211,59221,2555927018.2,255592.7,2555.9,27.0
214,bio1_whs1_land3_list500_bld1250,True,True,3,500,1250,35925,35328,1538454646.1,153845.5,1538.5,16.1
215,bio1_whs1_land3_list1000_bld250,True,True,3,1000,250,555608,535352,23114104249.8,2311410.4,23114.1,243.7
216,bio1_whs1_land3_list1000_bld500,True,True,3,1000,500,206007,200323,8498420915.8,849842.1,8498.4,91.2
217,bio1_whs1_land3_list1000_bld750,True,True,3,1000,750,102497,100805,4307026561.3,430702.7,4307.0,45.9
218,bio1_whs1_land3_list1000_bld1000,True,True,3,1000,1000,60209,59220,2555881493.7,255588.1,2555.9,27.0
219,bio1_whs1_land3_list1000_bld1250,True,True,3,1000,1250,35925,35328,1538454646.1,153845.5,1538.5,16.1
220,bio1_whs1_land3_list1500_bld250,True,True,3,1500,250,471053,455734,19505742050.6,1950574.2,19505.7,207.5
221,bio1_whs1_land3_list1500_bld500,True,True,3,1500,500,197124,192199,8133724219.0,813372.4,8133.7,87.5
222,bio1_whs1_land3_list1500_bld750,True,True,3,1500,750,101510,99849,4264415637.8,426441.6,4264.4,45.5
223,bio1_whs1_land3_list1500_bld1000,True,True,3,1500,1000,59942,58965,2544318273.0,254431.8,2544.3,26.8
224,bio1_whs1_land3_list1500_bld1250,True,True,3,1500,1250,35874,35280,1536314995.0,153631.5,1536.3,16.1
225,bio1_whs1_land4_list500_bld250,True,True,4,500,250,593944,572685,24803791254.7,2480379.1,24803.8,260.7
226,bio1_whs1_land4_list500_bld500,True,True,4,500,500,208463,202619,8600350250.9,860035.0,8600.4,92.2
227,bio1_whs1_land4_list500_bld750,True,True,4,500,750,102594,100894,4310850618.6,431085.1,4310.9,45.9
228,bio1_whs1_land4_list500_bld1000,True,True,4,500,1000,60210,59221,2555927018.2,255592.7,2555.9,27.0
229,bio1_whs1_land4_list500_bld1250,True,True,4,500,1250,35925,35328,1538454646.1,153845.5,1538.5,16.1
230,bio1_whs1_land4_list1000_bld250,True,True,4,1000,250,536682,518298,22338184826.6,2233818.5,22338.2,236.0
231,bio1_whs1_land4_list1000_bld500,True,True,4,1000,500,204702,199181,8446477471.6,844647.7,8446.5,90.7
232,bio1_whs1_land4_list1000_bld750,True,True,4,1000,750,102459,100772,4305524253.1,430552.4,4305.5,45.9
233,bio1_whs1_land4_list1000_bld1000,True,True,4,1000,1000,60208,59220,2555881493.7,255588.1,2555.9,27.0
234,bio1_whs1_land4_list1000_bld1250,True,True,4,1000,1250,35925,35328,1538454646.1,153845.5,1538.5,16.1
235,bio1_whs1_land4_list1500_bld250,True,True,4,1500,250,459335,445178,19025413146.9,1902541.3,19025.4,202.7
236,bio1_whs1_land4_list1500_bld500,True,True,4,1500,500,196199,191381,8096485185.4,809648.5,8096.5,87.1
237,bio1_whs1_land4_list1500_bld750,True,True,4,1500,750,101474,99817,4262958854.1,426295.9,4263.0,45.4
238,bio1_whs1_land4_list1500_bld1000,True,True,4,1500,1000,59941,58965,2544318273.0,254431.8,2544.3,26.8
239,bio1_whs1_land4_list1500_bld1250,True,True,4,1500,1250,35874,35280,1536314995.0,153631.5,1536.3,16.1
